Citrus,Flowers,Woods,Fruity,Greens,Sweet,Aquatic
Bergamot,Lavender,Sandalwood,Apple,Fig,Vanilla,Sea Breeze
Lemon,Rose,Cedarwood,Peach,Basil,Caramel,Ocean Water
Orange,Jasmine,Patchouli,Pear,Thyme,Honey,Marine Accord
Grapefruit,Ylang-Ylang,Vetiver,Raspberry,Green Tea,Cotton Candy,Salty Air
Mandarin,Iris,Oakmoss,Blackcurrant,Mint,Maple Syrup,Seaweed
Lime,Violet,Pine,Pineapple,Cucumber,Marshmallow,Algae
Neroli,Lily of the Valley,Guaiac Wood,Mango,Tomato Leaf,Chocolate,Water Lily
Clementine,Magnolia,Agarwood,Banana,Galbanum,Praline,Lotus
Tangerine,Peony,Rosewood,Strawberry,Clary Sage,Toffee,Driftwood
Yuzu,Gardenia,Ebony,Cherry,Tarragon,Butterscotch,Coral
Pomelo,Honeysuckle,Mahogany,Blueberry,Grass,Milk,Sea Salt
Kaffir Lime,Tuberose,Teak,Melon,Peppermint,Sugar,Sea Foam
Bitter Orange,Freesia,Birch,Cranberry,Spearmint,Hazelnut,Kelp
Citron,Narcissus,Cypress,Passion Fruit,Eucalyptus,Nougat,Marine Salt
Calamondin,Orchid,Balsam Fir,Kiwi,Hemp,Almond,Rainwater
Kumquat,Cherry Blossom,Redwood,Lychee,Bamboo,Syrup,Wet Stone
Blood Orange,Camellia,Maple,Grape,Ivy,Molasses,Aquatic Moss
Seville Orange,Daffodil,Willow,Pomegranate,Juniper Leaf,Cupcake,Sea Spray
Green Mandarin,Hyacinth,Moss,Guava,Laurel Leaf,Cake,Brine
Sweet Orange,Lilac,Oud,Apricot,Lemongrass,Candy,Cool Water
Finger Lime,Orange Blossom,Hinoki,Coconut,Pine Needle,Cookie,Freshwater
Rangpur,Osmanthus,Amberwood,Fig,Violet Leaf,Jelly Bean,Marine Air
Sudachi,Plumeria,Frankincense,Plum,Parsley,Licorice,Lake Water
Bergamot Orange,Poppy,Myrtle,Watermelon,Shiso,Cinnamon,River Water
Meyer Lemon,Carnation,Labdanum,Nectarine,Mate,Gingerbread,Dew
Persian Lime,Sunflower,Cashmere Wood,Papaya,Tea Leaf,Fudge,Water Mint
Key Lime,Daisy,Tobacco,Mulberry,Geranium Leaf,Glazed,Cucumber
Mexican Lime,Geranium,Driftwood,Cassis,Davana,Ice Cream,Blue Lagoon
Sweet Lemon,Mimosa,Juniper,Boysenberry,Cardamom Leaf,Meringue,Pond Water
Rough Lemon,Sweet Pea,Cedar,Loganberry,Blackcurrant Leaf,Macaron,Aqua
Oroblanco,Marigold,Palisander Rosewood,Starfruit,Cilantro,Pastry,Water Accord
Tangor,Bluebell,Bamboo,Tamarind,Lovage,Pie,Oceanic
Ugli Fruit,Anemone,Silver Fir,Persimmon,Pine Shoot,Pudding,Seashore
Combava,Hibiscus,Palo Santo,Jujube,Verbena,Shortbread,Wet Sand
Caviar Lime,Heliotrope,Ebony Wood,Quince,Pepper Leaf,Snickerdoodle,Island Breeze
Mandarin Petitgrain,Petunia,Amaris Wood,Date,Celery Leaf,S’mores,Fresh Lagoon
Lemon Verbena,Stock,Tolu Balsam,Acai,Dill,Sorbet,Bay Water
Lemon Balm,Viola,Spruce,Prune,Carrot Leaf,Tart,Harbour Breeze
Lemon Zest,Wisteria,Larch,Rambutan,Tea Tree,Truffle,Marine Ozone
Lemon Leaf,Primrose,Ebony Tree,Kiwano,Olive Leaf,Wafer,Ice Water
Orange Zest,Lotus,Macassar Ebony,Salak,Fennel Leaf,Waffle,Arctic Breeze
Orange Leaf,Morning Glory,Sipo Mahogany,Jackfruit,Clove Leaf,White Chocolate,Glacier Water
Grapefruit Zest,Pansy,African Blackwood,Mirabelle,Costmary,Yogurt,Deep Sea
Grapefruit Leaf,Zinnia,Bay Laurel,Mangosteen,Ho Leaf,Brown Sugar,Sea Ice
Bergamot Zest,Snowdrop,Hemlock,Medlar,Lettuce,Buttermilk,Marine Mist
Bergamot Leaf,Foxglove,Mountain Juniper,Soursop,Chervil,Churro,Cascade Water
Citrus Peel,Alyssum,Olibanum,Sugar-apple,Mustard Leaf,Candy Cane,Aqua Marine
Citrus Blossom,Begonia,Tasmanian Oak,Cupuacu,Beet Leaf,Carrot Cake,Ocean Mist
Kaffir Lime Leaf,Sweet William,Australian Sandalwood,Durian,Kale Leaf,Donut,Rainforest Water
Kumquat Peel,Columbine,Scots Pine,Dragonfruit,Bay Leaf,Éclair,Tidal Wave
